delta_id,path,change_type,upstream_sha256,port_sha256,upstream_mode,port_mode,added_lines,deleted_lines,hunk_count,patch_sha256
D:fs/bitmap.c,fs/bitmap.c,modified,f8f6fdd5f92da2056419397e6485cc34262cb62f1a3fc47b09e35467da6cd2e3,9f885ad24903eafe8b7ee0b1a5306938bce3493586a80d309424e4b67459fa4d,100644,100644,34,9,7,4b6ec246aa25332158bf475426c398e55723afd0b978000874c428ab6fb9d0c5
D:fs/block_dev.c,fs/block_dev.c,modified,431e679a858e81fb72332edfd7ca74d98a3de3d78ff67ec0fe34d6cd315e469b,6bc0ccda3d492cf9e2cee493897a3c31039d86cc57d811124b0dbae83150f8cf,100644,100644,9,6,4,e1b8bb972897147947453fc91a8e13ecd0ddd91031e187ccb89c9408f0ea0474
D:fs/buffer.c,fs/buffer.c,modified,59871a1f8059422a0f30c2c8083aa19027fadcfe196be46f49d26c6b7a17c02b,28bcd823ea764bbccd0ae307229383a1b6cf271e7ea8bf8cb837768b783c76b7,100644,100644,19,7,4,4787623282c9782f72fd2c62d11d3a99c4d02df65f1faccdf8c3766149c4d3e0
D:fs/char_dev.c,fs/char_dev.c,modified,d7831588bbdbd757ab3df33ba37decae936490669488948e39cd893fb0027e5d,e125c2adf6d4a2b98d1ea48c0225586876320f3c8ecb43baee3e8834f076c22c,100644,100644,8,7,9,3efe7cd7e1342b886d3baf970f552392deef74ee355f2cacb129e7f908685bfe
D:fs/exec.c,fs/exec.c,modified,24d933dec534931e9495363e92179508baac2f8a15acb6414cfd9a86b005066f,43299bd32d90eb98c530b8d40da452de547895f1e046de9e16d7bfe9152d83bc,100644,100644,48,15,24,f6c380ed78bebfc7387dc844bb78ca9af7d3327523e769cc3432099cf225ab83
D:fs/fcntl.c,fs/fcntl.c,modified,a2fb89160e0a918764d6acd9e66dff7c49dc62a288899c3fb1f9e9e54d16b678,bd2e7ade9a06c450615566ce7bd0b05172bd452bfa8f31d3436d95b7512847cc,100644,100644,4,4,2,110528957a0627c568de6763cc35f3296b697933910c454e257df2c6dc0e17ac
D:fs/file_dev.c,fs/file_dev.c,modified,a71c0f148844a81d65d5d354b0df2731998dada9bfc6baf66972a9974e2732e1,0dbf20d1fb4112f4b8ad55495e8e9a971d045e15c8a2f911514e7308bf0bae0c,100644,100644,1,1,2,d79e892e361375ce09a4e91cbc71c418a497fc02365f1ac8ecc1d51432a427da
D:fs/inode.c,fs/inode.c,modified,c03d6374680508b44c76f20e8e4af344549c8de5c2a8fc0a425409efbd714366,8c7165a6b295390fa6761e6a67a2af11ebc6492aee9629ce11c81c778909d122,100644,100644,12,11,18,0c950e4c9b82970556b2fdeeccd8b9d1b662cf785c11e3b31f59f8a6c7c97434
D:fs/ioctl.c,fs/ioctl.c,modified,61d46bb3a987c7a414d91bf55e48923af065191f3f10e71d48ace67c4381bf69,953272af7e297e3692eba2ba4e906fa2080ff76bf845d9ed678acd94cc2ce1d0,100644,100644,14,12,4,8f442e1de78696b61937c57683dc05de9c80e3ae3f688fe47cd6a22fa8044220
D:fs/namei.c,fs/namei.c,modified,b52b800b3b6c5a5a0b9349af2c8f0309e6eb2dd1fe4b132351821b87a50eac7b,0b6cbbc0ec2d4e9a8a973ee2691daba25afd76abcf0b8cb43a2bbca082734d0b,100644,100644,32,16,22,da701e3d468c8e30e760a873314f67abaad435f9cfe05e2491a8a33dc130d848
D:fs/open.c,fs/open.c,modified,47c21e01797c3d4a12d861f90f15cd8ef81a23ff8ab6ca39201663b9df55c96f,25faf7a96a74d5daf4aa32494f6063ada7ddab48b3273797b7644fbbc32ccc80,100644,100644,43,9,7,af81ee7a323e96a5d7486a16b1184e568dc1db4c8dfac55828c743159d01cb17
D:fs/pipe.c,fs/pipe.c,modified,c33fd79b161139c2355dbca7b611f37532e87607775319d34f8209d8043127dd,4320992c73bbbafc9a995f8546b09c5c1d43b4cce70182f35d545178c48f8b24,100644,100644,4,0,3,3be4aad9ab205a44abc58a30d84d02ca498883c0709d66f41fb5bc8b07385df8
D:fs/read_write.c,fs/read_write.c,modified,01c64cd4a91919acba7c1cbf04726fd77ba312679c4a941b9de1950a02ad41c9,b61d748842d25ae9368b83311c23b74734bb06b4f3cf23c8b0aa1e21c24bfc03,100644,100644,6,6,6,19de0cb5f7968049a7a9ebdae05fee111e95d23ad51e80f34920e7097bf1604a
D:fs/stat.c,fs/stat.c,modified,bb3a98de753b869a6efa38b8f8dcf7933a6a8bea2bda8c6179da6feb6d4f81b1,426d8c0f76d48cf58ea28f5bbb48a106cabad3af0f643c7384bd192da21cfcb2,100644,100644,4,1,3,9425562e96a68a26512f6744b03ef17ba3a25f5242c633b22a6bfdf5102de4a4
D:fs/super.c,fs/super.c,modified,4f94de04a68b7ec38ba16f28955dcfbd4d163afb59f185296e50de6a907b8fc7,16501a241903ebf5987346380ec83a71c70221c89b4844877ba411919fb1b834,100644,100644,52,17,5,b4d138d2658454ea3643f2b1a70afd54cc4bb442776613775848f13f10c9b629
D:fs/truncate.c,fs/truncate.c,modified,708c88d2be4fca8ba2e6161ffcfdabfba067b6d036670980bb76aa46ce67923b,a9f74eb3dc084408708929f77be36746d2b4a7751fe211dad4397cc5cd0c5f85,100644,100644,2,2,4,b4cc1e58568280e2dc603ffac8e24bcf8f5a8849e953fae9cb3c292ff39cb8f5
D:fs/tty_ioctl.c,fs/tty_ioctl.c,modified,a9c084d71fa88674f61dc94b229c6507cb3d27877c933b2587d724a7ee735bf4,b7a6ce3330c16549cc921406afc67cbc606ef629f88b2aa6911095f1e9788eee,100644,100644,104,81,9,ea1dfc932c43971242dd71e2b29acda16a3e4096e9be00df99810c3754f302da
D:include/asm/memory.h,include/asm/memory.h,modified,e2abf865347c06dafc14967847029b1d52af56927d3d0a3bfb8566f447afdd7c,39393139e3a94a6d12873559ecf42bb249689633a5a3f3c65d8a85c4bcd3ff07,100644,100644,6,3,1,1248f8b73bac2b3651b4134f664fa3a06fa95cbc5a325a514668bea337c5cf29
D:include/asm/segment.h,include/asm/segment.h,modified,4448874d9181a3a788d8def8ec55939fbb5dfa27336e307817d39ce965b5d490,4789e12dcba4eb0bdf65f7d8f2dfa7b50d63af815f88bc57c11d3443c443517f,100644,100644,7,7,5,c9af98fd4d7623dbbd1fc256db0df77f4792e9589227585be48a34101258594e
D:include/ctype.h,include/ctype.h,modified,ecea7907986e68726f9612f2ae0c9774097377bf366d030ebcc289e44c2d9037,ca58e1abc7e5ec48d5c48571ce2ed852838f4651f5bc89f5ae2baa52da7c60c6,100644,100644,13,13,1,ec74f675cf5ea1c2dbc26ff4fb23610a5adc61d094f4c3e3e5af35005ad6e514
D:include/linux/config.h,include/linux/config.h,modified,a0d65d97422b301a383b7bded0571ba8bdaa7156c6c61c4f064c0c01c86c338b,b6a33a6c6d207581d16be93b4b234db0f6958f65630dbc678e97a1856664ff52,100644,100644,3,2,2,022a37b7949fefd5dae461127950157eb64434d557683a27b4eb63e9e8d09439
D:include/linux/fs.h,include/linux/fs.h,modified,38a06fcfc911f30b6b2e0bfcd3fad73eef783f012384cd0e2026d64f8b3112b0,cfc862f6c1c8bbfdf5b543f2e7b60d423e327bc22464a31ab05dbaa9cfe8521b,100644,100644,1,2,2,c20308d34989a7c6fc22586593adac657a2a588441ef41685da99c46c0b097d3
D:include/linux/kernel.h,include/linux/kernel.h,modified,225d1ad5b58a1144cca0906d584a3602befbf51b932f8a9da5abdddc3dabf785,7118450816aabbb064fb9119bc96482377b81adf9d96c8145eba6fa8eb2671f5,100644,100644,2,2,1,376e0f8f7b55982f8556a18b17cbf0f6825c4cf5fa1fc91bc9611309867f2401
D:include/linux/sched.h,include/linux/sched.h,modified,2366a02c1fed319be8808a5635752f26d2b75400cd42c12e0e26e1ac3a686fd8,a6f450e91fc42de11e3f17078b41e35ae3662d326a4be3a28e781ec66e3d1a50,100644,100644,21,15,8,9212a681bb624eaff3fb15dc0f6dce2e5a9188cb3eef1c0f6700e347a186ac32
D:include/linux/tty.h,include/linux/tty.h,modified,a3c67a97db46b9616172405de253c938b8d1e6fc882f34d9e74df78d29a52554,c3274ee3f505c1ecdd1cbe0a3fe21126807c116f74f3cbecd414cb659bb05e47,100644,100644,2,0,3,4a679e9b85c85e30784be967488fcdc9342fa007cfadced09e5e191664454379
D:include/stdarg.h,include/stdarg.h,mode_only,a4d94a0f1aca5fb30163ad67a1a1eaeddf8a64f276680aadba44e34d15c29772,a4d94a0f1aca5fb30163ad67a1a1eaeddf8a64f276680aadba44e34d15c29772,100755,100644,0,0,0,312b8849e609698fef8f8b637c8da901cb4c28d514ca360ecdd4f185ded7b252
D:include/string.h,include/string.h,modified,3566000491ced4300bfdf3f2f154e1ac2a94763375521fed48c51dab92a1e136,f1d9d2daba9e8d916bd34007dc8d3b918817851e5f3cfd8b2efa59abe14e4f65,100644,100644,181,317,2,5a0704efdcc80395e0302d8e45c886b7526b83c22a2f241d6dd1e91aa82751f1
D:include/sys/wait.h,include/sys/wait.h,modified,5a2e24386b0ddd05904ce7930814bca248096f2e3ae38b1e151f22f0537fc5a3,2745183ee69104cac1c8f18dfecce6bddc40d6da7dff6232264bce9f122919a0,100644,100644,1,1,1,3bdc1ea9bd24afaac5e099ac317daea93c90e0683d1e06e33a6e7da968327bc5
D:include/unistd.h,include/unistd.h,modified,8f5529dfb49f66664b9055fc0a6b4f5f66e57ff1b6cd6852bb400e6fcf22ae7e,95b87037fab5c3714bf046f14ae9cf3d5d25f6b5a8ba8e0aaf369b761489608a,100644,100644,2,2,2,e355694d034c2ade860651167c594e54f65f163c53242a34a103cdcd6cc97e75
D:init/main.c,init/main.c,modified,43040fbfb9bed05b99b358359f2d243cf9ae8f43882d4b2dc29dc6f1a6e0cc2a,7b372a85fd498d6c1890c9c1be1537c7fa18b100348bd2d32b6ea9bfadc07ddd,100644,100644,57,12,7,08a632c69fdd7308b321905eefcf85c4c69bc22d05519285741c14a8bd58ea32
D:kernel/asm.s,kernel/asm.s,modified,00890b591aebae09cf17464d38570c79354c8fc86fa34495080f7f56bad76883,656533446cc446f04e5790fc82f9dba37e9e35242206232040ba8acb74413b7d,100644,100644,4,2,9,804e5f4c85c18ca25dc5e931f3f91491420b3f336c04767d3a787ae1b06a6a51
D:kernel/console.c,kernel/console.c,modified,463c3c2dd3a7b83f74152ac83e6581c096c79ec93354369c53fcc4974aeb8b7e,136927ffb5cffabe8accefe45ca446383660870dfb9e5eff37c7834fa4b8ab74,100644,100644,86,81,19,69484d68d1bff4bf6cc711fa66dc275d8c1cc0565d0ba5cca7c69ccd5dd08cd1
D:kernel/exit.c,kernel/exit.c,modified,ce93c2ded173cd0995a4c83aee47a6fdc6efe3e099ec4863af342a083ac07bb6,c411db46077e6d01bc203847f08eb06bfad00fbd9c3135ffe1fa26db32f2737c,100644,100644,40,14,11,58d3058d7a6d0e0169bfe74d5ad5c9f99bb9ba7bce5083bdbd6a0101a0ca3368
D:kernel/fork.c,kernel/fork.c,modified,1bf629dc08a8a71f1acad3e7d96f421347fd949c624a41742fc1fe340deef32c,0d45b1bc07d06b5582f850bf6bf6e685dd5bc29ac63c0b75889d9527dc81dd5e,100644,100644,16,4,4,a48114cd73f7daa2bba39e18fe98da830268ecc73660043e07e33687a8b4b537
D:kernel/hd.c,kernel/hd.c,modified,249b1294cda80ed610d4501075671a6072a190c957437e2b79759d1dbd0809d7,e2cb930a6899d83fcd0e3ef571efa096c02938b7eebcacb4b10338669c2e927d,100644,100644,102,21,24,de82fbb3b2b55e39d76f41a18ae881d5769007f8f12d3d11ded2dd3faa986682
D:kernel/keyboard.s,kernel/keyboard.s,modified,7a4c9612576f10e72899d6fcb2352829993b5975518cae22bf25e5550c249769,1f6cccef701b497b313f8c4207bda2f4966ba46b6fe592ab486f363938cab1a3,100644,100644,14,13,8,af7c7866ae8b41c2d822943d3ae4867c0e5ae189b5971b18c3fe0f63565216ee
D:kernel/panic.c,kernel/panic.c,modified,f8b05ff736abed6f1925ed4381ad64ebe86c38d4cd49f1448bd004b35db0f4ff,85ee37c932538da4fa5237ccae54185856a34f73ef22b02abc47d62edc6e4fea,100644,100644,6,3,1,28e57e3e011f8f4c6877db9b21a4312e281bb58594476a5cb7afc6f0dcfd2398
D:kernel/printk.c,kernel/printk.c,modified,b3056429bd2b6e761e3d088db5e481b612c9690c5acbdd7a6df0bab47e472074,78e0137e5eda4aee3f9769dacd768cb254f7ac5ea4284c027d658d5f45b42d53,100644,100644,7,0,3,c58547ebd35d1851727634247ca7d598995ef1efaea07d5d766f2c0cca083f60
D:kernel/rs_io.s,kernel/rs_io.s,modified,599d9511b3b01df2ffc94c0bba311db03e77119251791d6131347dea44f3d1ee,a068f118394a09da92bfe5d3f8f1db827a02e9a07b0ba01b044ca85b1454f0a3,100644,100644,2,1,4,5b57335411d39ba4f649bbc823261d4d6d40e9a795034e8df91e795d71f3095f
D:kernel/sched.c,kernel/sched.c,modified,205c3c12f1c0a68eeb19b340d9073f459c62e19b3a4f859666b8f5f41a202c84,08d16e87d4b59d0b2561895d2d0c016f4b46a865609f04be44b1fa7a55cc6de5,100644,100644,14,5,11,74e3dcc31b63756d72f3e4a9c4bf15ec5a8d82a69557842686d1cf421fac1c23
D:kernel/serial.c,kernel/serial.c,modified,0b4b3c86f258c62d3c7a5ab5ba06e3d5b6e45d3f26da91e4fe3b140d0f3afc98,cc3e248b180157e0c95b3a92ae7061cd52be099510b33042bef6d30cbf2397fc,100644,100644,26,1,5,3157ed3957243ee4456e1530c1647cfa45910c08254d8fa58b9558d1477d4d5f
D:kernel/sys.c,kernel/sys.c,modified,ea0638e929e7e519259a3c7cfed8c47fa8a4c488af247e18bfe10c6d6ddd3d0b,1b51249a0962142a504f9e1b28c51ce92d506370c1fcb8f527a01eb650545efc,100644,100644,84,8,13,59fdfa58b414e6bb0cec515b30094660ae8be66755f23b2919967f434de83eef
D:kernel/system_call.s,kernel/system_call.s,modified,8ffa6896cc50894a59df004c3322f7299d7cb33209d0cab4a20d9e8bd63d3a27,a9d461d304cae20abefb15fd3768adb376e22f9a205facd61aac2dc0123e57e0,100644,100644,19,5,18,d2e8251db4d68c2187a91c4b66c0d121c7c1ad661d4e351b91c3dac97a52a1a2
D:kernel/traps.c,kernel/traps.c,modified,d4463882af5801da6bc857c6b8feedc2587a4c2aefa1743af575dbbd16c2f360,a9ed8cb77b7c20be33f849e93f2736622bf2fb924b0561d23735ea7a09032c34,100644,100644,3,2,4,1a7fb16d1cbe4f8cd69d1fec13238888b2be4a1a88e23e217c17338a10386b5b
D:kernel/tty_io.c,kernel/tty_io.c,modified,a295df0b19fbc9512c1662097d589f6d1fe954cebaf4c682666b2e5f975fd8d3,3d90038fd01c69bbd4137d429f3178be7c9c39233169c6e1ad4fc986a07d2c37,100644,100644,20,14,15,f59da2007596a2e28ff933ff67bbbeab55f93a4158d146ee9e7d2b5d4c1e89ed
D:kernel/vga_font8x8.h,kernel/vga_font8x8.h,added,,3fe83a154aa3ef66f90ec8d35292c475b5260eb2b8b8148aa0a9cd706185d493,,100644,273,0,1,cd097106c926f7186e03a3dd5ea56d98a2b9bc3e2ab7b75132990f86b75e240b
D:kernel/vga_text50.c,kernel/vga_text50.c,added,,4ba150b53e4c527c4ecaccc22b6ca80fa4a64081ce89791e94940eb199f4ff09,,100644,95,0,1,a64861cafd4c7572354fefd86688aeb884e0930bfbbe2802023e2864bcb64e24
D:kernel/vsprintf.c,kernel/vsprintf.c,modified,2e2a594a14de901e68db2b3b09103a89e439d1673031c1c0e694adfe6090f527,0d9441442eaa495c28354793bf22d271624ad3a320e7e4d80dfb814f6f87f391,100644,100644,9,9,10,c9e440ddb554589d36b1274e08aedb9d8f670d0338c73c2f7df8b3d9d11a9c68
D:lib/_exit.c,lib/_exit.c,modified,4e5646fdb7220231ea9586d241bf413a6c718f1d21136e7168283eb9a42e28a1,7f79a750d87df67261b084e6d7bbab0c98f19ebdc38cf11d57aeb43d1abee27c,100644,100644,2,1,1,fbb1fc0a05bac458e482c1c885b87fa02796278bee44de85b92a2ce54edc4c69
D:lib/open.c,lib/open.c,modified,ec29fd99a86785a7dee4656263292403532a560e97ecce07de9b8d9b5896cb4d,28bf2ff9da97b4032737b8c69567f93031971307ea001686a6d8a3537ed89494,100644,100644,10,1,1,62db6834777ccdc6248be80adcbb9ecc90c60f6aeaacb52ceab92e9df77f106c
D:lib/sync.c,lib/sync.c,added,,9db4188b273108dc00686d1e8b8f288fdb6ed05c8010aa88d107d08a82de105a,,100644,4,0,1,5192dae06d8e20721a97f4af9147e77f9001b7fee2bde8de72272c88d4deaf16
D:mm/memory.c,mm/memory.c,modified,8a2823a80e3c15d10d74e97b6cab7c389366013685e89c4e2a2251d6e5f0dda7,9fe62fab52e725282f894282f20b28ada028c35fe1ec1d1e5b148d2c37de54f1,100644,100644,40,24,8,d5e67adf3551fe3f0ecc066204e3071e3fea23bb80025251bc1d6c1898f00e09
D:mm/page.s,mm/page.s,modified,8ff73c51581d485d5233205a8946e62b4da0e3e2a1a686e94743124619539311,b0893593b5775e565cec1ee4b61261977b069ab3551728b42a6d9b2fc13316f5,100644,100644,1,0,1,9c0e9e317ef21dc8a232439aeee455aec5b3e17c943f11760d2e9bf24b8aaf51
